NumberGroups	NumberGenes	Classification	NumberGenotypes	Sample
64157	142878	Pan-transcriptome	1	0
64157	142878	Hard-Core-transcriptome	1	0
64157	142878	Soft-Core-transcriptome	1	0
0	0	Acc-transcriptome	1	0
0	0	Exc-transcriptome	1	0
54547	136500	Pan-transcriptome	1	1
54547	136500	Hard-Core-transcriptome	1	1
54547	136500	Soft-Core-transcriptome	1	1
0	0	Acc-transcriptome	1	1
0	0	Exc-transcriptome	1	1
136063	376175	Pan-transcriptome	1	2
136063	376175	Hard-Core-transcriptome	1	2
136063	376175	Soft-Core-transcriptome	1	2
0	0	Acc-transcriptome	1	2
0	0	Exc-transcriptome	1	2
66921	213318	Pan-transcriptome	1	3
66921	213318	Hard-Core-transcriptome	1	3
66921	213318	Soft-Core-transcriptome	1	3
0	0	Acc-transcriptome	1	3
0	0	Exc-transcriptome	1	3
62113	200720	Pan-transcriptome	1	4
62113	200720	Hard-Core-transcriptome	1	4
62113	200720	Soft-Core-transcriptome	1	4
0	0	Acc-transcriptome	1	4
0	0	Exc-transcriptome	1	4
42235	101516	Pan-transcriptome	1	5
42235	101516	Hard-Core-transcriptome	1	5
42235	101516	Soft-Core-transcriptome	1	5
0	0	Acc-transcriptome	1	5
0	0	Exc-transcriptome	1	5
44355	119652	Pan-transcriptome	1	6
44355	119652	Hard-Core-transcriptome	1	6
44355	119652	Soft-Core-transcriptome	1	6
0	0	Acc-transcriptome	1	6
0	0	Exc-transcriptome	1	6
136063	376175	Pan-transcriptome	1	7
136063	376175	Hard-Core-transcriptome	1	7
136063	376175	Soft-Core-transcriptome	1	7
0	0	Acc-transcriptome	1	7
0	0	Exc-transcriptome	1	7
42235	101516	Pan-transcriptome	1	8
42235	101516	Hard-Core-transcriptome	1	8
42235	101516	Soft-Core-transcriptome	1	8
0	0	Acc-transcriptome	1	8
0	0	Exc-transcriptome	1	8
136063	376175	Pan-transcriptome	1	9
136063	376175	Hard-Core-transcriptome	1	9
136063	376175	Soft-Core-transcriptome	1	9
0	0	Acc-transcriptome	1	9
0	0	Exc-transcriptome	1	9
42235	101516	Pan-transcriptome	1	10
42235	101516	Hard-Core-transcriptome	1	10
42235	101516	Soft-Core-transcriptome	1	10
0	0	Acc-transcriptome	1	10
0	0	Exc-transcriptome	1	10
85696	158992	Pan-transcriptome	1	11
85696	158992	Hard-Core-transcriptome	1	11
85696	158992	Soft-Core-transcriptome	1	11
0	0	Acc-transcriptome	1	11
0	0	Exc-transcriptome	1	11
62113	200720	Pan-transcriptome	1	12
62113	200720	Hard-Core-transcriptome	1	12
62113	200720	Soft-Core-transcriptome	1	12
0	0	Acc-transcriptome	1	12
0	0	Exc-transcriptome	1	12
54531	149130	Pan-transcriptome	1	13
54531	149130	Hard-Core-transcriptome	1	13
54531	149130	Soft-Core-transcriptome	1	13
0	0	Acc-transcriptome	1	13
0	0	Exc-transcriptome	1	13
85696	158992	Pan-transcriptome	1	14
85696	158992	Hard-Core-transcriptome	1	14
85696	158992	Soft-Core-transcriptome	1	14
0	0	Acc-transcriptome	1	14
0	0	Exc-transcriptome	1	14
44355	119652	Pan-transcriptome	1	15
44355	119652	Hard-Core-transcriptome	1	15
44355	119652	Soft-Core-transcriptome	1	15
0	0	Acc-transcriptome	1	15
0	0	Exc-transcriptome	1	15
62113	200720	Pan-transcriptome	1	16
62113	200720	Hard-Core-transcriptome	1	16
62113	200720	Soft-Core-transcriptome	1	16
0	0	Acc-transcriptome	1	16
0	0	Exc-transcriptome	1	16
57575	130742	Pan-transcriptome	1	17
57575	130742	Hard-Core-transcriptome	1	17
57575	130742	Soft-Core-transcriptome	1	17
0	0	Acc-transcriptome	1	17
0	0	Exc-transcriptome	1	17
62102	221168	Pan-transcriptome	2	0
24488	148013	Hard-Core-transcriptome	2	0
24488	148013	Soft-Core-transcriptome	2	0
0	0	Acc-transcriptome	2	0
37614	73155	Exc-transcriptome	2	0
85680	233348	Pan-transcriptome	2	1
22997	132424	Hard-Core-transcriptome	2	1
22997	132424	Soft-Core-transcriptome	2	1
0	0	Acc-transcriptome	2	1
62683	100924	Exc-transcriptome	2	1
82151	255447	Pan-transcriptome	2	2
24511	148330	Hard-Core-transcriptome	2	2
24511	148330	Soft-Core-transcriptome	2	2
0	0	Acc-transcriptome	2	2
57640	107117	Exc-transcriptome	2	2
218082	752763	Pan-transcriptome	2	3
5689	34231	Hard-Core-transcriptome	2	3
5689	34231	Soft-Core-transcriptome	2	3
0	0	Acc-transcriptome	2	3
212393	718532	Exc-transcriptome	2	3
83346	262530	Pan-transcriptome	2	4
25166	154273	Hard-Core-transcriptome	2	4
25166	154273	Soft-Core-transcriptome	2	4
0	0	Acc-transcriptome	2	4
58180	108257	Exc-transcriptome	2	4
205032	682837	Pan-transcriptome	2	5
27574	170192	Hard-Core-transcriptome	2	5
27574	170192	Soft-Core-transcriptome	2	5
0	0	Acc-transcriptome	2	5
177458	512645	Exc-transcriptome	2	5
62102	221168	Pan-transcriptome	2	6
24488	148013	Hard-Core-transcriptome	2	6
24488	148013	Soft-Core-transcriptome	2	6
0	0	Acc-transcriptome	2	6
37614	73155	Exc-transcriptome	2	6
105103	278644	Pan-transcriptome	2	7
24948	145035	Hard-Core-transcriptome	2	7
24948	145035	Soft-Core-transcriptome	2	7
0	0	Acc-transcriptome	2	7
80155	133609	Exc-transcriptome	2	7
82039	217861	Pan-transcriptome	2	8
25486	125473	Hard-Core-transcriptome	2	8
25486	125473	Soft-Core-transcriptome	2	8
0	0	Acc-transcriptome	2	8
56553	92388	Exc-transcriptome	2	8
111831	289734	Pan-transcriptome	2	9
31440	158058	Hard-Core-transcriptome	2	9
31440	158058	Soft-Core-transcriptome	2	9
0	0	Acc-transcriptome	2	9
80391	131676	Exc-transcriptome	2	9
90628	300392	Pan-transcriptome	2	10
29388	179600	Hard-Core-transcriptome	2	10
29388	179600	Soft-Core-transcriptome	2	10
0	0	Acc-transcriptome	2	10
61240	120792	Exc-transcriptome	2	10
93555	244438	Pan-transcriptome	2	11
28342	141490	Hard-Core-transcriptome	2	11
28342	141490	Soft-Core-transcriptome	2	11
0	0	Acc-transcriptome	2	11
65213	102948	Exc-transcriptome	2	11
90628	300392	Pan-transcriptome	2	12
29388	179600	Hard-Core-transcriptome	2	12
29388	179600	Soft-Core-transcriptome	2	12
0	0	Acc-transcriptome	2	12
61240	120792	Exc-transcriptome	2	12
82369	239816	Pan-transcriptome	2	13
23294	124893	Hard-Core-transcriptome	2	13
23294	124893	Soft-Core-transcriptome	2	13
0	0	Acc-transcriptome	2	13
59075	114923	Exc-transcriptome	2	13
75408	243311	Pan-transcriptome	2	14
24672	153615	Hard-Core-transcriptome	2	14
24672	153615	Soft-Core-transcriptome	2	14
0	0	Acc-transcriptome	2	14
50736	89696	Exc-transcriptome	2	14
81997	244394	Pan-transcriptome	2	15
24395	138144	Hard-Core-transcriptome	2	15
24395	138144	Soft-Core-transcriptome	2	15
0	0	Acc-transcriptome	2	15
57602	106250	Exc-transcriptome	2	15
90519	349818	Pan-transcriptome	2	16
30949	208297	Hard-Core-transcriptome	2	16
30949	208297	Soft-Core-transcriptome	2	16
0	0	Acc-transcriptome	2	16
59570	141521	Exc-transcriptome	2	16
183503	525305	Pan-transcriptome	2	17
7091	34542	Hard-Core-transcriptome	2	17
7091	34542	Soft-Core-transcriptome	2	17
0	0	Acc-transcriptome	2	17
176412	490763	Exc-transcriptome	2	17
237698	837895	Pan-transcriptome	3	0
21084	193572	Hard-Core-transcriptome	3	0
21084	193572	Soft-Core-transcriptome	3	0
38984	182032	Acc-transcriptome	3	0
177630	462291	Exc-transcriptome	3	0
245187	883191	Pan-transcriptome	3	1
23246	214499	Hard-Core-transcriptome	3	1
23246	214499	Soft-Core-transcriptome	3	1
48545	230940	Acc-transcriptome	3	1
173396	437752	Exc-transcriptome	3	1
197160	586513	Pan-transcriptome	3	2
2951	20406	Hard-Core-transcriptome	3	2
2951	20406	Soft-Core-transcriptome	3	2
28488	147241	Acc-transcriptome	3	2
165721	418866	Exc-transcriptome	3	2
99286	451334	Pan-transcriptome	3	3
21852	226252	Hard-Core-transcriptome	3	3
21852	226252	Soft-Core-transcriptome	3	3
20713	100366	Acc-transcriptome	3	3
56721	124716	Exc-transcriptome	3	3
83203	432941	Pan-transcriptome	3	4
25089	272570	Hard-Core-transcriptome	3	4
25089	272570	Soft-Core-transcriptome	3	4
15592	69509	Acc-transcriptome	3	4
42522	90862	Exc-transcriptome	3	4
136406	413570	Pan-transcriptome	3	5
20700	175038	Hard-Core-transcriptome	3	5
20700	175038	Soft-Core-transcriptome	3	5
24491	95647	Acc-transcriptome	3	5
91215	142885	Exc-transcriptome	3	5
107934	464395	Pan-transcriptome	3	6
22589	236707	Hard-Core-transcriptome	3	6
22589	236707	Soft-Core-transcriptome	3	6
19941	95129	Acc-transcriptome	3	6
65404	132559	Exc-transcriptome	3	6
218003	682945	Pan-transcriptome	3	7
4158	31766	Hard-Core-transcriptome	3	7
4158	31766	Soft-Core-transcriptome	3	7
39370	217691	Acc-transcriptome	3	7
174475	433488	Exc-transcriptome	3	7
98382	392922	Pan-transcriptome	3	8
18342	182620	Hard-Core-transcriptome	3	8
18342	182620	Soft-Core-transcriptome	3	8
20414	97102	Acc-transcriptome	3	8
59626	113200	Exc-transcriptome	3	8
236333	854085	Pan-transcriptome	3	9
23330	220470	Hard-Core-transcriptome	3	9
23330	220470	Soft-Core-transcriptome	3	9
32318	150209	Acc-transcriptome	3	9
180685	483406	Exc-transcriptome	3	9
126160	408061	Pan-transcriptome	3	10
19602	182099	Hard-Core-transcriptome	3	10
19602	182099	Soft-Core-transcriptome	3	10
17384	73740	Acc-transcriptome	3	10
89174	152222	Exc-transcriptome	3	10
227101	815906	Pan-transcriptome	3	11
1971	17155	Hard-Core-transcriptome	3	11
1971	17155	Soft-Core-transcriptome	3	11
33781	210964	Acc-transcriptome	3	11
191349	587787	Exc-transcriptome	3	11
103369	371569	Pan-transcriptome	3	12
19478	176917	Hard-Core-transcriptome	3	12
19478	176917	Soft-Core-transcriptome	3	12
20460	85923	Acc-transcriptome	3	12
63431	108729	Exc-transcriptome	3	12
136325	415566	Pan-transcriptome	3	13
22085	173126	Hard-Core-transcriptome	3	13
22085	173126	Soft-Core-transcriptome	3	13
33680	113169	Acc-transcriptome	3	13
80560	129271	Exc-transcriptome	3	13
115421	446666	Pan-transcriptome	3	14
20333	215156	Hard-Core-transcriptome	3	14
20333	215156	Soft-Core-transcriptome	3	14
19511	93438	Acc-transcriptome	3	14
75577	138072	Exc-transcriptome	3	14
104768	389705	Pan-transcriptome	3	15
20110	194775	Hard-Core-transcriptome	3	15
20110	194775	Soft-Core-transcriptome	3	15
19917	83733	Acc-transcriptome	3	15
64741	111197	Exc-transcriptome	3	15
226907	846729	Pan-transcriptome	3	16
24282	241541	Hard-Core-transcriptome	3	16
24282	241541	Soft-Core-transcriptome	3	16
22604	106989	Acc-transcriptome	3	16
180021	498199	Exc-transcriptome	3	16
252360	1066368	Pan-transcriptome	3	17
11114	94622	Hard-Core-transcriptome	3	17
11114	94622	Soft-Core-transcriptome	3	17
111317	631025	Acc-transcriptome	3	17
129929	340721	Exc-transcriptome	3	17
250979	898513	Pan-transcriptome	4	0
1095	11439	Hard-Core-transcriptome	4	0
1095	11439	Soft-Core-transcriptome	4	0
59665	341338	Acc-transcriptome	4	0
190219	545736	Exc-transcriptome	4	0
121712	519591	Pan-transcriptome	4	1
18158	236258	Hard-Core-transcriptome	4	1
18158	236258	Soft-Core-transcriptome	4	1
36310	174802	Acc-transcriptome	4	1
67244	108531	Exc-transcriptome	4	1
255165	1045716	Pan-transcriptome	4	2
19125	280626	Hard-Core-transcriptome	4	2
19125	280626	Soft-Core-transcriptome	4	2
38099	220064	Acc-transcriptome	4	2
197941	545026	Exc-transcriptome	4	2
241766	950164	Pan-transcriptome	4	3
1707	19229	Hard-Core-transcriptome	4	3
1707	19229	Soft-Core-transcriptome	4	3
51892	361856	Acc-transcriptome	4	3
188167	569079	Exc-transcriptome	4	3
256357	988967	Pan-transcriptome	4	4
1279	15532	Hard-Core-transcriptome	4	4
1279	15532	Soft-Core-transcriptome	4	4
50522	354997	Acc-transcriptome	4	4
204556	618438	Exc-transcriptome	4	4
254552	1084225	Pan-transcriptome	4	5
1766	23758	Hard-Core-transcriptome	4	5
1766	23758	Soft-Core-transcriptome	4	5
58535	462180	Acc-transcriptome	4	5
194251	598287	Exc-transcriptome	4	5
125132	520447	Pan-transcriptome	4	6
17048	230244	Hard-Core-transcriptome	4	6
17048	230244	Soft-Core-transcriptome	4	6
34339	167481	Acc-transcriptome	4	6
73745	122722	Exc-transcriptome	4	6
262792	1167834	Pan-transcriptome	4	7
2701	30355	Hard-Core-transcriptome	4	7
2701	30355	Soft-Core-transcriptome	4	7
128905	800093	Acc-transcriptome	4	7
131186	337386	Exc-transcriptome	4	7
143316	540380	Pan-transcriptome	4	8
16139	209703	Hard-Core-transcriptome	4	8
16139	209703	Soft-Core-transcriptome	4	8
36849	173979	Acc-transcriptome	4	8
90328	156698	Exc-transcriptome	4	8
254782	1034947	Pan-transcriptome	4	9
20509	273225	Hard-Core-transcriptome	4	9
20509	273225	Soft-Core-transcriptome	4	9
64780	338234	Acc-transcriptome	4	9
169493	423488	Exc-transcriptome	4	9
250825	923757	Pan-transcriptome	4	10
16767	195513	Hard-Core-transcriptome	4	10
16767	195513	Soft-Core-transcriptome	4	10
49379	242968	Acc-transcriptome	4	10
184679	485276	Exc-transcriptome	4	10
252822	1136788	Pan-transcriptome	4	11
797	9405	Hard-Core-transcriptome	4	11
797	9405	Soft-Core-transcriptome	4	11
119925	744399	Acc-transcriptome	4	11
132100	382984	Exc-transcriptome	4	11
232262	871529	Pan-transcriptome	4	12
3172	38284	Hard-Core-transcriptome	4	12
3172	38284	Soft-Core-transcriptome	4	12
56323	402079	Acc-transcriptome	4	12
172767	431166	Exc-transcriptome	4	12
278833	1329806	Pan-transcriptome	4	13
3960	49336	Hard-Core-transcriptome	4	13
3960	49336	Soft-Core-transcriptome	4	13
142657	937251	Acc-transcriptome	4	13
132216	343219	Exc-transcriptome	4	13
248552	1036307	Pan-transcriptome	4	14
1805	22522	Hard-Core-transcriptome	4	14
1805	22522	Soft-Core-transcriptome	4	14
54202	421169	Acc-transcriptome	4	14
192545	592616	Exc-transcriptome	4	14
134004	548455	Pan-transcriptome	4	15
16253	218748	Hard-Core-transcriptome	4	15
16253	218748	Soft-Core-transcriptome	4	15
38217	194046	Acc-transcriptome	4	15
79534	135661	Exc-transcriptome	4	15
251268	968837	Pan-transcriptome	4	16
16602	211811	Hard-Core-transcriptome	4	16
16602	211811	Soft-Core-transcriptome	4	16
62591	327487	Acc-transcriptome	4	16
172075	429539	Exc-transcriptome	4	16
265756	1334851	Pan-transcriptome	4	17
1333	18914	Hard-Core-transcriptome	4	17
1333	18914	Soft-Core-transcriptome	4	17
141526	944091	Acc-transcriptome	4	17
122897	371846	Exc-transcriptome	4	17
268736	1122827	Pan-transcriptome	5	0
1238	18330	Hard-Core-transcriptome	5	0
1238	18330	Soft-Core-transcriptome	5	0
69002	504418	Acc-transcriptome	5	0
198496	600079	Exc-transcriptome	5	0
164159	667061	Pan-transcriptome	5	1
15178	239259	Hard-Core-transcriptome	5	1
15178	239259	Soft-Core-transcriptome	5	1
47750	255684	Acc-transcriptome	5	1
101231	172118	Exc-transcriptome	5	1
264126	1136402	Pan-transcriptome	5	2
16275	286602	Hard-Core-transcriptome	5	2
16275	286602	Soft-Core-transcriptome	5	2
54191	323454	Acc-transcriptome	5	2
193660	526346	Exc-transcriptome	5	2
264484	1156873	Pan-transcriptome	5	3
14758	280256	Hard-Core-transcriptome	5	3
14758	280256	Soft-Core-transcriptome	5	3
60651	371587	Acc-transcriptome	5	3
189075	505030	Exc-transcriptome	5	3
280750	1326876	Pan-transcriptome	5	4
2526	33767	Hard-Core-transcriptome	5	4
2526	33767	Soft-Core-transcriptome	5	4
147715	970373	Acc-transcriptome	5	4
130509	322736	Exc-transcriptome	5	4
253279	992896	Pan-transcriptome	5	5
919	12234	Hard-Core-transcriptome	5	5
919	12234	Soft-Core-transcriptome	5	5
67925	444114	Acc-transcriptome	5	5
184435	536548	Exc-transcriptome	5	5
149355	682280	Pan-transcriptome	5	6
18498	311568	Hard-Core-transcriptome	5	6
18498	311568	Soft-Core-transcriptome	5	6
43932	232432	Acc-transcriptome	5	6
86925	138280	Exc-transcriptome	5	6
138653	718147	Pan-transcriptome	5	7
14904	273356	Hard-Core-transcriptome	5	7
14904	273356	Soft-Core-transcriptome	5	7
49885	305203	Acc-transcriptome	5	7
73864	139588	Exc-transcriptome	5	7
151147	699749	Pan-transcriptome	5	8
15253	270334	Hard-Core-transcriptome	5	8
15253	270334	Soft-Core-transcriptome	5	8
50891	287093	Acc-transcriptome	5	8
85003	142322	Exc-transcriptome	5	8
262901	1141527	Pan-transcriptome	5	9
16026	280417	Hard-Core-transcriptome	5	9
16026	280417	Soft-Core-transcriptome	5	9
53701	336194	Acc-transcriptome	5	9
193174	524916	Exc-transcriptome	5	9
150811	710387	Pan-transcriptome	5	10
15420	270751	Hard-Core-transcriptome	5	10
15420	270751	Soft-Core-transcriptome	5	10
53988	296370	Acc-transcriptome	5	10
81403	143266	Exc-transcriptome	5	10
135901	625789	Pan-transcriptome	5	11
14192	249277	Hard-Core-transcriptome	5	11
14192	249277	Soft-Core-transcriptome	5	11
43312	242384	Acc-transcriptome	5	11
78397	134128	Exc-transcriptome	5	11
296021	1488650	Pan-transcriptome	5	12
1129	18356	Hard-Core-transcriptome	5	12
1129	18356	Soft-Core-transcriptome	5	12
152379	1068783	Acc-transcriptome	5	12
142513	401511	Exc-transcriptome	5	12
269209	1190275	Pan-transcriptome	5	13
1320	21553	Hard-Core-transcriptome	5	13
1320	21553	Soft-Core-transcriptome	5	13
78386	610820	Acc-transcriptome	5	13
189503	557902	Exc-transcriptome	5	13
166219	717640	Pan-transcriptome	5	14
15378	261095	Hard-Core-transcriptome	5	14
15378	261095	Soft-Core-transcriptome	5	14
52319	282567	Acc-transcriptome	5	14
98522	173978	Exc-transcriptome	5	14
239791	863869	Pan-transcriptome	5	15
2046	24615	Hard-Core-transcriptome	5	15
2046	24615	Soft-Core-transcriptome	5	15
77866	467412	Acc-transcriptome	5	15
159879	371842	Exc-transcriptome	5	15
261629	1246005	Pan-transcriptome	5	16
16153	331886	Hard-Core-transcriptome	5	16
16153	331886	Soft-Core-transcriptome	5	16
53796	372865	Acc-transcriptome	5	16
191680	541254	Exc-transcriptome	5	16
246506	953009	Pan-transcriptome	5	17
2254	32262	Hard-Core-transcriptome	5	17
2254	32262	Soft-Core-transcriptome	5	17
67355	485782	Acc-transcriptome	5	17
176897	434965	Exc-transcriptome	5	17
269972	1209086	Pan-transcriptome	6	0
14494	300086	Hard-Core-transcriptome	6	0
14494	300086	Soft-Core-transcriptome	6	0
72046	440764	Acc-transcriptome	6	0
183432	468236	Exc-transcriptome	6	0
255548	1143429	Pan-transcriptome	6	1
2048	38417	Hard-Core-transcriptome	6	1
2048	38417	Soft-Core-transcriptome	6	1
76809	660246	Acc-transcriptome	6	1
176691	444766	Exc-transcriptome	6	1
170940	777616	Pan-transcriptome	6	2
13628	268446	Hard-Core-transcriptome	6	2
13628	268446	Soft-Core-transcriptome	6	2
60165	353823	Acc-transcriptome	6	2
97147	155347	Exc-transcriptome	6	2
272555	1225977	Pan-transcriptome	6	3
768	13830	Hard-Core-transcriptome	6	3
768	13830	Soft-Core-transcriptome	6	3
86617	670802	Acc-transcriptome	6	3
185170	541345	Exc-transcriptome	6	3
287650	1326724	Pan-transcriptome	6	4
1211	21782	Hard-Core-transcriptome	6	4
1211	21782	Soft-Core-transcriptome	6	4
96773	771945	Acc-transcriptome	6	4
189666	532997	Exc-transcriptome	6	4
299769	1565263	Pan-transcriptome	6	5
2149	41478	Hard-Core-transcriptome	6	5
2149	41478	Soft-Core-transcriptome	6	5
157291	1156607	Acc-transcriptome	6	5
140329	367178	Exc-transcriptome	6	5
265107	1185997	Pan-transcriptome	6	6
2357	42986	Hard-Core-transcriptome	6	6
2357	42986	Soft-Core-transcriptome	6	6
104000	775667	Acc-transcriptome	6	6
158750	367344	Exc-transcriptome	6	6
245928	1094478	Pan-transcriptome	6	7
2384	43665	Hard-Core-transcriptome	6	7
2384	43665	Soft-Core-transcriptome	6	7
75286	634501	Acc-transcriptome	6	7
168258	416312	Exc-transcriptome	6	7
273391	1277304	Pan-transcriptome	6	8
12971	296426	Hard-Core-transcriptome	6	8
12971	296426	Soft-Core-transcriptome	6	8
69710	465471	Acc-transcriptome	6	8
190710	515407	Exc-transcriptome	6	8
278610	1379905	Pan-transcriptome	6	9
1214	24791	Hard-Core-transcriptome	6	9
1214	24791	Soft-Core-transcriptome	6	9
83010	770790	Acc-transcriptome	6	9
194386	584324	Exc-transcriptome	6	9
252311	1080410	Pan-transcriptome	6	10
2085	36167	Hard-Core-transcriptome	6	10
2085	36167	Soft-Core-transcriptome	6	10
89084	666504	Acc-transcriptome	6	10
161142	377739	Exc-transcriptome	6	10
275951	1278059	Pan-transcriptome	6	11
13255	295357	Hard-Core-transcriptome	6	11
13255	295357	Soft-Core-transcriptome	6	11
66291	448867	Acc-transcriptome	6	11
196405	533835	Exc-transcriptome	6	11
162890	819245	Pan-transcriptome	6	12
13023	281565	Hard-Core-transcriptome	6	12
13023	281565	Soft-Core-transcriptome	6	12
60455	379451	Acc-transcriptome	6	12
89412	158229	Exc-transcriptome	6	12
276311	1278596	Pan-transcriptome	6	13
14905	308627	Hard-Core-transcriptome	6	13
14905	308627	Soft-Core-transcriptome	6	13
85927	531091	Acc-transcriptome	6	13
175479	438878	Exc-transcriptome	6	13
304019	1874510	Pan-transcriptome	6	14
785	15878	Hard-Core-transcriptome	6	14
785	15878	Soft-Core-transcriptome	6	14
192967	1500735	Acc-transcriptome	6	14
110267	357897	Exc-transcriptome	6	14
273779	1229638	Pan-transcriptome	6	15
899	17108	Hard-Core-transcriptome	6	15
899	17108	Soft-Core-transcriptome	6	15
80353	648465	Acc-transcriptome	6	15
192527	564065	Exc-transcriptome	6	15
301269	1585990	Pan-transcriptome	6	16
2071	39546	Hard-Core-transcriptome	6	16
2071	39546	Soft-Core-transcriptome	6	16
160531	1190042	Acc-transcriptome	6	16
138667	356402	Exc-transcriptome	6	16
286691	1287869	Pan-transcriptome	6	17
1009	18184	Hard-Core-transcriptome	6	17
1009	18184	Soft-Core-transcriptome	6	17
99408	749168	Acc-transcriptome	6	17
186274	520517	Exc-transcriptome	6	17
170276	1052682	Pan-transcriptome	7	0
13561	368074	Hard-Core-transcriptome	7	0
13561	368074	Soft-Core-transcriptome	7	0
72474	520353	Acc-transcriptome	7	0
84241	164255	Exc-transcriptome	7	0
309253	1570580	Pan-transcriptome	7	1
425	8986	Hard-Core-transcriptome	7	1
425	8986	Soft-Core-transcriptome	7	1
163501	1163432	Acc-transcriptome	7	1
145327	398162	Exc-transcriptome	7	1
325759	2072506	Pan-transcriptome	7	2
619	14799	Hard-Core-transcriptome	7	2
619	14799	Soft-Core-transcriptome	7	2
207921	1687052	Acc-transcriptome	7	2
117219	370655	Exc-transcriptome	7	2
163479	975997	Pan-transcriptome	7	3
12830	330444	Hard-Core-transcriptome	7	3
12830	330444	Soft-Core-transcriptome	7	3
72870	497526	Acc-transcriptome	7	3
77779	148027	Exc-transcriptome	7	3
263746	1217148	Pan-transcriptome	7	4
1976	40600	Hard-Core-transcriptome	7	4
1976	40600	Soft-Core-transcriptome	7	4
99858	803059	Acc-transcriptome	7	4
161912	373489	Exc-transcriptome	7	4
198914	1031802	Pan-transcriptome	7	5
12515	313587	Hard-Core-transcriptome	7	5
12515	313587	Soft-Core-transcriptome	7	5
85704	530799	Acc-transcriptome	7	5
100695	187416	Exc-transcriptome	7	5
307731	1775048	Pan-transcriptome	7	6
820	19865	Hard-Core-transcriptome	7	6
820	19865	Soft-Core-transcriptome	7	6
173052	1362435	Acc-transcriptome	7	6
133859	392748	Exc-transcriptome	7	6
319382	1728984	Pan-transcriptome	7	7
452	10441	Hard-Core-transcriptome	7	7
452	10441	Soft-Core-transcriptome	7	7
166045	1284431	Acc-transcriptome	7	7
152885	434112	Exc-transcriptome	7	7
276743	1270482	Pan-transcriptome	7	8
664	13636	Hard-Core-transcriptome	7	8
664	13636	Soft-Core-transcriptome	7	8
83062	688771	Acc-transcriptome	7	8
193017	568075	Exc-transcriptome	7	8
160584	1050848	Pan-transcriptome	7	9
14153	384540	Hard-Core-transcriptome	7	9
14153	384540	Soft-Core-transcriptome	7	9
72177	526709	Acc-transcriptome	7	9
74254	139599	Exc-transcriptome	7	9
272481	1262459	Pan-transcriptome	7	10
1918	38123	Hard-Core-transcriptome	7	10
1918	38123	Soft-Core-transcriptome	7	10
113444	858620	Acc-transcriptome	7	10
157119	365716	Exc-transcriptome	7	10
322801	1793912	Pan-transcriptome	7	11
714	16804	Hard-Core-transcriptome	7	11
714	16804	Soft-Core-transcriptome	7	11
180364	1375759	Acc-transcriptome	7	11
141723	401349	Exc-transcriptome	7	11
288464	1412843	Pan-transcriptome	7	12
803	17720	Hard-Core-transcriptome	7	12
803	17720	Soft-Core-transcriptome	7	12
109714	886500	Acc-transcriptome	7	12
177947	508623	Exc-transcriptome	7	12
152720	994862	Pan-transcriptome	7	13
14798	395146	Hard-Core-transcriptome	7	13
14798	395146	Soft-Core-transcriptome	7	13
63347	462481	Acc-transcriptome	7	13
74575	137235	Exc-transcriptome	7	13
306091	1681374	Pan-transcriptome	7	14
2202	49174	Hard-Core-transcriptome	7	14
2202	49174	Soft-Core-transcriptome	7	14
166278	1281054	Acc-transcriptome	7	14
137611	351146	Exc-transcriptome	7	14
282517	1333162	Pan-transcriptome	7	15
737	16183	Hard-Core-transcriptome	7	15
737	16183	Soft-Core-transcriptome	7	15
90104	761728	Acc-transcriptome	7	15
191676	555251	Exc-transcriptome	7	15
314636	1704770	Pan-transcriptome	7	16
2024	44558	Hard-Core-transcriptome	7	16
2024	44558	Soft-Core-transcriptome	7	16
171841	1292872	Acc-transcriptome	7	16
140771	367340	Exc-transcriptome	7	16
322841	1988422	Pan-transcriptome	7	17
691	15828	Hard-Core-transcriptome	7	17
691	15828	Soft-Core-transcriptome	7	17
205821	1605212	Acc-transcriptome	7	17
116329	367382	Exc-transcriptome	7	17
302152	1628752	Pan-transcriptome	8	0
743	20164	Hard-Core-transcriptome	8	0
743	20164	Soft-Core-transcriptome	8	0
117877	1085905	Acc-transcriptome	8	0
183532	522683	Exc-transcriptome	8	0
205281	1187532	Pan-transcriptome	8	1
12533	364259	Hard-Core-transcriptome	8	1
12533	364259	Soft-Core-transcriptome	8	1
97577	644869	Acc-transcriptome	8	1
95171	178404	Exc-transcriptome	8	1
303211	1639132	Pan-transcriptome	8	2
868	22308	Hard-Core-transcriptome	8	2
868	22308	Soft-Core-transcriptome	8	2
119178	1097530	Acc-transcriptome	8	2
183165	519294	Exc-transcriptome	8	2
291445	1524902	Pan-transcriptome	8	3
660	16908	Hard-Core-transcriptome	8	3
660	16908	Soft-Core-transcriptome	8	3
109635	991162	Acc-transcriptome	8	3
181150	516832	Exc-transcriptome	8	3
326203	1992961	Pan-transcriptome	8	4
779	21480	Hard-Core-transcriptome	8	4
779	21480	Soft-Core-transcriptome	8	4
195680	1598920	Acc-transcriptome	8	4
129744	372561	Exc-transcriptome	8	4
268106	1218907	Pan-transcriptome	8	5
1824	38067	Hard-Core-transcriptome	8	5
1824	38067	Soft-Core-transcriptome	8	5
115445	847822	Acc-transcriptome	8	5
150837	333018	Exc-transcriptome	8	5
293511	1496887	Pan-transcriptome	8	6
728	18424	Hard-Core-transcriptome	8	6
728	18424	Soft-Core-transcriptome	8	6
106852	939749	Acc-transcriptome	8	6
185931	538714	Exc-transcriptome	8	6
331638	1978192	Pan-transcriptome	8	7
820	21868	Hard-Core-transcriptome	8	7
820	21868	Soft-Core-transcriptome	8	7
190404	1558213	Acc-transcriptome	8	7
140414	398111	Exc-transcriptome	8	7
319224	1734315	Pan-transcriptome	8	8
466	10828	Hard-Core-transcriptome	8	8
466	10828	Soft-Core-transcriptome	8	8
176366	1341445	Acc-transcriptome	8	8
142392	382042	Exc-transcriptome	8	8
325886	1931115	Pan-transcriptome	8	9
744	19898	Hard-Core-transcriptome	8	9
744	19898	Soft-Core-transcriptome	8	9
183316	1507130	Acc-transcriptome	8	9
141826	404087	Exc-transcriptome	8	9
337394	2237712	Pan-transcriptome	8	10
556	15647	Hard-Core-transcriptome	8	10
556	15647	Soft-Core-transcriptome	8	10
218939	1837833	Acc-transcriptome	8	10
117899	384232	Exc-transcriptome	8	10
329046	1980283	Pan-transcriptome	8	11
715	20233	Hard-Core-transcriptome	8	11
715	20233	Soft-Core-transcriptome	8	11
192967	1558630	Acc-transcriptome	8	11
135364	401420	Exc-transcriptome	8	11
327718	1852618	Pan-transcriptome	8	12
471	12162	Hard-Core-transcriptome	8	12
471	12162	Soft-Core-transcriptome	8	12
177607	1424180	Acc-transcriptome	8	12
149640	416276	Exc-transcriptome	8	12
326645	2128726	Pan-transcriptome	8	13
418	11257	Hard-Core-transcriptome	8	13
418	11257	Soft-Core-transcriptome	8	13
209438	1746184	Acc-transcriptome	8	13
116789	371285	Exc-transcriptome	8	13
197086	1091727	Pan-transcriptome	8	14
11927	336708	Hard-Core-transcriptome	8	14
11927	336708	Soft-Core-transcriptome	8	14
81960	565929	Acc-transcriptome	8	14
103199	189090	Exc-transcriptome	8	14
317200	1955191	Pan-transcriptome	8	15
866	23513	Hard-Core-transcriptome	8	15
866	23513	Soft-Core-transcriptome	8	15
185309	1546447	Acc-transcriptome	8	15
131025	385231	Exc-transcriptome	8	15
315112	1678933	Pan-transcriptome	8	16
552	12192	Hard-Core-transcriptome	8	16
552	12192	Soft-Core-transcriptome	8	16
179147	1306990	Acc-transcriptome	8	16
135413	359751	Exc-transcriptome	8	16
271969	1351920	Pan-transcriptome	8	17
1855	45404	Hard-Core-transcriptome	8	17
1855	45404	Soft-Core-transcriptome	8	17
101112	899821	Acc-transcriptome	8	17
169002	406695	Exc-transcriptome	8	17
202209	1235255	Pan-transcriptome	9	0
11625	385837	Hard-Core-transcriptome	9	0
11625	385837	Soft-Core-transcriptome	9	0
91696	673265	Acc-transcriptome	9	0
98888	176153	Exc-transcriptome	9	0
305403	1722530	Pan-transcriptome	9	1
12310	404170	Hard-Core-transcriptome	9	1
12310	404170	Soft-Core-transcriptome	9	1
116551	863795	Acc-transcriptome	9	1
176542	454565	Exc-transcriptome	9	1
337407	2258115	Pan-transcriptome	9	2
419	12758	Hard-Core-transcriptome	9	2
419	12758	Soft-Core-transcriptome	9	2
217527	1865295	Acc-transcriptome	9	2
119461	380062	Exc-transcriptome	9	2
309455	1684896	Pan-transcriptome	9	3
11221	369789	Hard-Core-transcriptome	9	3
11221	369789	Soft-Core-transcriptome	9	3
122591	871599	Acc-transcriptome	9	3
175643	443508	Exc-transcriptome	9	3
285375	1511221	Pan-transcriptome	9	4
1685	44867	Hard-Core-transcriptome	9	4
1685	44867	Soft-Core-transcriptome	9	4
128704	1102334	Acc-transcriptome	9	4
154986	364020	Exc-transcriptome	9	4
333857	2089235	Pan-transcriptome	9	5
652	19900	Hard-Core-transcriptome	9	5
652	19900	Soft-Core-transcriptome	9	5
204383	1697163	Acc-transcriptome	9	5
128822	372172	Exc-transcriptome	9	5
304778	1665375	Pan-transcriptome	9	6
10770	358979	Hard-Core-transcriptome	9	6
10770	358979	Soft-Core-transcriptome	9	6
112293	831145	Acc-transcriptome	9	6
181715	475251	Exc-transcriptome	9	6
323517	1918460	Pan-transcriptome	9	7
1773	50434	Hard-Core-transcriptome	9	7
1773	50434	Soft-Core-transcriptome	9	7
180222	1498334	Acc-transcriptome	9	7
141522	369692	Exc-transcriptome	9	7
316851	1945579	Pan-transcriptome	9	8
2095	60461	Hard-Core-transcriptome	9	8
2095	60461	Soft-Core-transcriptome	9	8
180640	1547312	Acc-transcriptome	9	8
134116	337806	Exc-transcriptome	9	8
294614	1658809	Pan-transcriptome	9	9
13002	428390	Hard-Core-transcriptome	9	9
13002	428390	Soft-Core-transcriptome	9	9
101460	760737	Acc-transcriptome	9	9
180152	469682	Exc-transcriptome	9	9
348259	2419048	Pan-transcriptome	9	10
434	14208	Hard-Core-transcriptome	9	10
434	14208	Soft-Core-transcriptome	9	10
224872	1999223	Acc-transcriptome	9	10
122953	405617	Exc-transcriptome	9	10
280978	1522421	Pan-transcriptome	9	11
1695	47535	Hard-Core-transcriptome	9	11
1695	47535	Soft-Core-transcriptome	9	11
109929	1054820	Acc-transcriptome	9	11
169354	420066	Exc-transcriptome	9	11
332262	2065089	Pan-transcriptome	9	12
697	21421	Hard-Core-transcriptome	9	12
697	21421	Soft-Core-transcriptome	9	12
195646	1654596	Acc-transcriptome	9	12
135919	389072	Exc-transcriptome	9	12
290475	1535947	Pan-transcriptome	9	13
594	16064	Hard-Core-transcriptome	9	13
594	16064	Soft-Core-transcriptome	9	13
109025	1000428	Acc-transcriptome	9	13
180856	519455	Exc-transcriptome	9	13
311955	1751294	Pan-transcriptome	9	14
11799	396256	Hard-Core-transcriptome	9	14
11799	396256	Soft-Core-transcriptome	9	14
124631	901859	Acc-transcriptome	9	14
175525	453179	Exc-transcriptome	9	14
197857	1319620	Pan-transcriptome	9	15
12206	417330	Hard-Core-transcriptome	9	15
12206	417330	Soft-Core-transcriptome	9	15
93818	728273	Acc-transcriptome	9	15
91833	174017	Exc-transcriptome	9	15
328499	2057198	Pan-transcriptome	9	16
707	22113	Hard-Core-transcriptome	9	16
707	22113	Soft-Core-transcriptome	9	16
189198	1620158	Acc-transcriptome	9	16
138594	414927	Exc-transcriptome	9	16
199282	1236310	Pan-transcriptome	9	17
12982	419680	Hard-Core-transcriptome	9	17
12982	419680	Soft-Core-transcriptome	9	17
97784	664708	Acc-transcriptome	9	17
88516	151922	Exc-transcriptome	9	17
340792	2360021	Pan-transcriptome	10	0
395	13057	Hard-Core-transcriptome	10	0
2415	67571	Soft-Core-transcriptome	10	0
223542	1919773	Acc-transcriptome	10	0
114835	372677	Exc-transcriptome	10	0
332465	2171312	Pan-transcriptome	10	1
625	21558	Hard-Core-transcriptome	10	1
12450	418550	Soft-Core-transcriptome	10	1
183218	1340328	Acc-transcriptome	10	1
136797	412434	Exc-transcriptome	10	1
310500	1836695	Pan-transcriptome	10	2
663	21856	Hard-Core-transcriptome	10	2
13154	455755	Soft-Core-transcriptome	10	2
109080	834321	Acc-transcriptome	10	2
188266	546619	Exc-transcriptome	10	2
305653	1806043	Pan-transcriptome	10	3
11698	418492	Hard-Core-transcriptome	10	3
17123	561002	Soft-Core-transcriptome	10	3
123563	831447	Acc-transcriptome	10	3
164967	413594	Exc-transcriptome	10	3
345564	2513707	Pan-transcriptome	10	4
396	13012	Hard-Core-transcriptome	10	4
2523	72798	Soft-Core-transcriptome	10	4
232544	2075093	Acc-transcriptome	10	4
110497	365816	Exc-transcriptome	10	4
334909	2156558	Pan-transcriptome	10	5
600	19592	Hard-Core-transcriptome	10	5
12337	390111	Soft-Core-transcriptome	10	5
193406	1395143	Acc-transcriptome	10	5
129166	371304	Exc-transcriptome	10	5
216177	1358264	Pan-transcriptome	10	6
10791	389041	Hard-Core-transcriptome	10	6
15614	513326	Soft-Core-transcriptome	10	6
100531	654633	Acc-transcriptome	10	6
100032	190305	Exc-transcriptome	10	6
334526	2172059	Pan-transcriptome	10	7
632	20591	Hard-Core-transcriptome	10	7
12545	395922	Soft-Core-transcriptome	10	7
198030	1417962	Acc-transcriptome	10	7
123951	358175	Exc-transcriptome	10	7
335096	2184566	Pan-transcriptome	10	8
693	23809	Hard-Core-transcriptome	10	8
13194	440696	Soft-Core-transcriptome	10	8
185561	1343202	Acc-transcriptome	10	8
136341	400668	Exc-transcriptome	10	8
353894	2549306	Pan-transcriptome	10	9
412	14083	Hard-Core-transcriptome	10	9
2513	74766	Soft-Core-transcriptome	10	9
236457	2094738	Acc-transcriptome	10	9
114924	379802	Exc-transcriptome	10	9
345111	2262112	Pan-transcriptome	10	10
655	22720	Hard-Core-transcriptome	10	10
12561	412703	Soft-Core-transcriptome	10	10
197489	1454577	Acc-transcriptome	10	10
135061	394832	Exc-transcriptome	10	10
349454	2328042	Pan-transcriptome	10	11
633	22866	Hard-Core-transcriptome	10	11
12351	431515	Soft-Core-transcriptome	10	11
197123	1483788	Acc-transcriptome	10	11
139980	412739	Exc-transcriptome	10	11
302406	1685357	Pan-transcriptome	10	12
10746	373178	Hard-Core-transcriptome	10	12
15749	499946	Soft-Core-transcriptome	10	12
108794	724046	Acc-transcriptome	10	12
177863	461365	Exc-transcriptome	10	12
337221	2050875	Pan-transcriptome	10	13
375	11684	Hard-Core-transcriptome	10	13
2389	67305	Soft-Core-transcriptome	10	13
188864	1577507	Acc-transcriptome	10	13
145968	406063	Exc-transcriptome	10	13
334085	2062735	Pan-transcriptome	10	14
358	12040	Hard-Core-transcriptome	10	14
2223	65285	Soft-Core-transcriptome	10	14
185668	1579825	Acc-transcriptome	10	14
146194	417625	Exc-transcriptome	10	14
334335	2022196	Pan-transcriptome	10	15
312	9669	Hard-Core-transcriptome	10	15
2129	58222	Soft-Core-transcriptome	10	15
184645	1550608	Acc-transcriptome	10	15
147561	413366	Exc-transcriptome	10	15
284132	1544399	Pan-transcriptome	10	16
1615	47107	Hard-Core-transcriptome	10	16
12713	392890	Soft-Core-transcriptome	10	16
108435	760030	Acc-transcriptome	10	16
162984	391479	Exc-transcriptome	10	16
349178	2566388	Pan-transcriptome	10	17
392	13610	Hard-Core-transcriptome	10	17
2466	74353	Soft-Core-transcriptome	10	17
231502	2105481	Acc-transcriptome	10	17
115210	386554	Exc-transcriptome	10	17
354617	2660604	Pan-transcriptome	11	0
335	13214	Hard-Core-transcriptome	11	0
2186	73697	Soft-Core-transcriptome	11	0
236563	2200766	Acc-transcriptome	11	0
115868	386141	Exc-transcriptome	11	0
288470	1784030	Pan-transcriptome	11	1
1622	57292	Hard-Core-transcriptome	11	1
12564	478209	Soft-Core-transcriptome	11	1
120616	927549	Acc-transcriptome	11	1
155290	378272	Exc-transcriptome	11	1
356288	2686004	Pan-transcriptome	11	2
422	16280	Hard-Core-transcriptome	11	2
2435	82801	Soft-Core-transcriptome	11	2
240970	2222285	Acc-transcriptome	11	2
112883	380918	Exc-transcriptome	11	2
314140	1835006	Pan-transcriptome	11	3
522	18115	Hard-Core-transcriptome	11	3
11451	402616	Soft-Core-transcriptome	11	3
127323	940174	Acc-transcriptome	11	3
175366	492216	Exc-transcriptome	11	3
339231	2113485	Pan-transcriptome	11	4
332	10899	Hard-Core-transcriptome	11	4
2181	64516	Soft-Core-transcriptome	11	4
195538	1660248	Acc-transcriptome	11	4
141512	388721	Exc-transcriptome	11	4
346596	2394394	Pan-transcriptome	11	5
545	21148	Hard-Core-transcriptome	11	5
11426	434395	Soft-Core-transcriptome	11	5
204040	1571068	Acc-transcriptome	11	5
131130	388931	Exc-transcriptome	11	5
338248	2121716	Pan-transcriptome	11	6
366	12039	Hard-Core-transcriptome	11	6
2302	68903	Soft-Core-transcriptome	11	6
197883	1672634	Acc-transcriptome	11	6
138063	380179	Exc-transcriptome	11	6
317493	2036508	Pan-transcriptome	11	7
10874	473353	Hard-Core-transcriptome	11	7
15615	623292	Soft-Core-transcriptome	11	7
129907	959974	Acc-transcriptome	11	7
171971	453242	Exc-transcriptome	11	7
354419	2649235	Pan-transcriptome	11	8
328	12198	Hard-Core-transcriptome	11	8
2135	67389	Soft-Core-transcriptome	11	8
246565	2217450	Acc-transcriptome	11	8
105719	364396	Exc-transcriptome	11	8
354495	2586200	Pan-transcriptome	11	9
298	11285	Hard-Core-transcriptome	11	9
2013	65867	Soft-Core-transcriptome	11	9
232241	2122423	Acc-transcriptome	11	9
120241	397910	Exc-transcriptome	11	9
292099	1766989	Pan-transcriptome	11	10
1632	56396	Hard-Core-transcriptome	11	10
12835	478968	Soft-Core-transcriptome	11	10
116013	888879	Acc-transcriptome	11	10
163251	399142	Exc-transcriptome	11	10
336544	2137718	Pan-transcriptome	11	11
349	12360	Hard-Core-transcriptome	11	11
2173	68642	Soft-Core-transcriptome	11	11
191151	1659941	Acc-transcriptome	11	11
143220	409135	Exc-transcriptome	11	11
336031	2236858	Pan-transcriptome	11	12
563	19845	Hard-Core-transcriptome	11	12
11864	406594	Soft-Core-transcriptome	11	12
200969	1473573	Acc-transcriptome	11	12
123198	356691	Exc-transcriptome	11	12
358308	2641098	Pan-transcriptome	11	13
346	12926	Hard-Core-transcriptome	11	13
2182	70224	Soft-Core-transcriptome	11	13
244117	2197912	Acc-transcriptome	11	13
112009	372962	Exc-transcriptome	11	13
361509	2696636	Pan-transcriptome	11	14
350	13399	Hard-Core-transcriptome	11	14
2296	77116	Soft-Core-transcriptome	11	14
239761	2222913	Acc-transcriptome	11	14
119452	396607	Exc-transcriptome	11	14
316793	1988703	Pan-transcriptome	11	15
588	22037	Hard-Core-transcriptome	11	15
12185	478286	Soft-Core-transcriptome	11	15
116911	959311	Acc-transcriptome	11	15
187697	551106	Exc-transcriptome	11	15
310167	2030905	Pan-transcriptome	11	16
12007	510568	Hard-Core-transcriptome	11	16
17005	665348	Soft-Core-transcriptome	11	16
128153	937667	Acc-transcriptome	11	16
165009	427890	Exc-transcriptome	11	16
218937	1565316	Pan-transcriptome	11	17
10882	454052	Hard-Core-transcriptome	11	17
15515	595741	Soft-Core-transcriptome	11	17
111261	785374	Acc-transcriptome	11	17
92161	184201	Exc-transcriptome	11	17
336940	2246228	Pan-transcriptome	12	0
1524	56416	Hard-Core-transcriptome	12	0
11801	471003	Soft-Core-transcriptome	12	0
190709	1422787	Acc-transcriptome	12	0
134430	352438	Exc-transcriptome	12	0
343546	2418587	Pan-transcriptome	12	1
525	21584	Hard-Core-transcriptome	12	1
11292	452218	Soft-Core-transcriptome	12	1
206590	1593052	Acc-transcriptome	12	1
125664	373317	Exc-transcriptome	12	1
351349	2395387	Pan-transcriptome	12	2
310	12143	Hard-Core-transcriptome	12	2
2040	72011	Soft-Core-transcriptome	12	2
206477	1913045	Acc-transcriptome	12	2
142832	410331	Exc-transcriptome	12	2
345557	2290314	Pan-transcriptome	12	3
303	11335	Hard-Core-transcriptome	12	3
2011	67755	Soft-Core-transcriptome	12	3
206958	1835313	Acc-transcriptome	12	3
136588	387246	Exc-transcriptome	12	3
315321	2132667	Pan-transcriptome	12	4
10993	507941	Hard-Core-transcriptome	12	4
15602	668695	Soft-Core-transcriptome	12	4
135655	1036224	Acc-transcriptome	12	4
164064	427748	Exc-transcriptome	12	4
344323	2282892	Pan-transcriptome	12	5
335	12555	Hard-Core-transcriptome	12	5
2206	73744	Soft-Core-transcriptome	12	5
205489	1826069	Acc-transcriptome	12	5
136628	383079	Exc-transcriptome	12	5
324221	2027712	Pan-transcriptome	12	6
527	20019	Hard-Core-transcriptome	12	6
11552	435139	Soft-Core-transcriptome	12	6
149404	1121789	Acc-transcriptome	12	6
163265	470784	Exc-transcriptome	12	6
221347	1584256	Pan-transcriptome	12	7
10302	452217	Hard-Core-transcriptome	12	7
14427	587375	Soft-Core-transcriptome	12	7
115115	818830	Acc-transcriptome	12	7
91805	178051	Exc-transcriptome	12	7
365023	2817640	Pan-transcriptome	12	8
316	12763	Hard-Core-transcriptome	12	8
2085	74660	Soft-Core-transcriptome	12	8
245490	2347886	Acc-transcriptome	12	8
117448	395094	Exc-transcriptome	12	8
313209	2059259	Pan-transcriptome	12	9
11042	486789	Hard-Core-transcriptome	12	9
15469	634954	Soft-Core-transcriptome	12	9
136170	1011995	Acc-transcriptome	12	9
161570	412310	Exc-transcriptome	12	9
346549	2273177	Pan-transcriptome	12	10
268	9792	Hard-Core-transcriptome	12	10
1821	59795	Soft-Core-transcriptome	12	10
213960	1835434	Acc-transcriptome	12	10
130768	377948	Exc-transcriptome	12	10
351657	2458050	Pan-transcriptome	12	11
1425	55717	Hard-Core-transcriptome	12	11
11475	484076	Soft-Core-transcriptome	12	11
210901	1617823	Acc-transcriptome	12	11
129281	356151	Exc-transcriptome	12	11
320783	2065264	Pan-transcriptome	12	12
10049	452010	Hard-Core-transcriptome	12	12
14573	602553	Soft-Core-transcriptome	12	12
137477	1010145	Acc-transcriptome	12	12
168733	452566	Exc-transcriptome	12	12
344648	2270747	Pan-transcriptome	12	13
298	11521	Hard-Core-transcriptome	12	13
1935	65105	Soft-Core-transcriptome	12	13
203405	1809800	Acc-transcriptome	12	13
139308	395842	Exc-transcriptome	12	13
354979	2509481	Pan-transcriptome	12	14
512	21223	Hard-Core-transcriptome	12	14
11171	461054	Soft-Core-transcriptome	12	14
214390	1656829	Acc-transcriptome	12	14
129418	391598	Exc-transcriptome	12	14
353189	2512369	Pan-transcriptome	12	15
563	23288	Hard-Core-transcriptome	12	15
11614	478584	Soft-Core-transcriptome	12	15
209882	1639842	Acc-transcriptome	12	15
131693	393943	Exc-transcriptome	12	15
337586	2200835	Pan-transcriptome	12	16
1374	47069	Hard-Core-transcriptome	12	16
10791	402845	Soft-Core-transcriptome	12	16
201547	1470320	Acc-transcriptome	12	16
125248	327670	Exc-transcriptome	12	16
315508	1973766	Pan-transcriptome	12	17
509	19879	Hard-Core-transcriptome	12	17
11290	444896	Soft-Core-transcriptome	12	17
129488	1017560	Acc-transcriptome	12	17
174730	511310	Exc-transcriptome	12	17
358326	2665748	Pan-transcriptome	13	0
582	26503	Hard-Core-transcriptome	13	0
11620	522646	Soft-Core-transcriptome	13	0
218188	1754785	Acc-transcriptome	13	0
128518	388317	Exc-transcriptome	13	0
361189	2707835	Pan-transcriptome	13	1
480	22403	Hard-Core-transcriptome	13	1
10609	495836	Soft-Core-transcriptome	13	1
222973	1815534	Acc-transcriptome	13	1
127607	396465	Exc-transcriptome	13	1
350897	2474359	Pan-transcriptome	13	2
283	11808	Hard-Core-transcriptome	13	2
1902	71240	Soft-Core-transcriptome	13	2
220137	2024860	Acc-transcriptome	13	2
128858	378259	Exc-transcriptome	13	2
366086	2780164	Pan-transcriptome	13	3
267	11348	Hard-Core-transcriptome	13	3
1807	66617	Soft-Core-transcriptome	13	3
255815	2337391	Acc-transcriptome	13	3
108464	376156	Exc-transcriptome	13	3
229703	1865956	Pan-transcriptome	13	4
10517	536015	Hard-Core-transcriptome	13	4
14961	703025	Soft-Core-transcriptome	13	4
119440	967629	Acc-transcriptome	13	4
95302	195302	Exc-transcriptome	13	4
365553	2860498	Pan-transcriptome	13	5
286	12553	Hard-Core-transcriptome	13	5
1944	73175	Soft-Core-transcriptome	13	5
257726	2422138	Acc-transcriptome	13	5
105883	365185	Exc-transcriptome	13	5
356331	2674444	Pan-transcriptome	13	6
488	22957	Hard-Core-transcriptome	13	6
10583	489855	Soft-Core-transcriptome	13	6
223326	1799031	Acc-transcriptome	13	6
122422	385558	Exc-transcriptome	13	6
331684	2186127	Pan-transcriptome	13	7
465	20055	Hard-Core-transcriptome	13	7
10599	468710	Soft-Core-transcriptome	13	7
153132	1228294	Acc-transcriptome	13	7
167953	489123	Exc-transcriptome	13	7
357179	2626934	Pan-transcriptome	13	8
499	22208	Hard-Core-transcriptome	13	8
10917	494583	Soft-Core-transcriptome	13	8
216194	1739265	Acc-transcriptome	13	8
130068	393086	Exc-transcriptome	13	8
369048	2896194	Pan-transcriptome	13	9
288	12674	Hard-Core-transcriptome	13	9
1940	75661	Soft-Core-transcriptome	13	9
256948	2437047	Acc-transcriptome	13	9
110160	383486	Exc-transcriptome	13	9
341249	2452470	Pan-transcriptome	13	10
1466	61034	Hard-Core-transcriptome	13	10
11548	517872	Soft-Core-transcriptome	13	10
202766	1592280	Acc-transcriptome	13	10
126935	342318	Exc-transcriptome	13	10
365800	2855088	Pan-transcriptome	13	11
318	14181	Hard-Core-transcriptome	13	11
2014	78750	Soft-Core-transcriptome	13	11
251191	2399196	Acc-transcriptome	13	11
112595	377142	Exc-transcriptome	13	11
358743	2625401	Pan-transcriptome	13	12
508	22215	Hard-Core-transcriptome	13	12
11145	490297	Soft-Core-transcriptome	13	12
220875	1752116	Acc-transcriptome	13	12
126723	382988	Exc-transcriptome	13	12
353400	2675679	Pan-transcriptome	13	13
516	23890	Hard-Core-transcriptome	13	13
11183	520852	Soft-Core-transcriptome	13	13
216955	1774240	Acc-transcriptome	13	13
125262	380587	Exc-transcriptome	13	13
364261	2839293	Pan-transcriptome	13	14
294	13100	Hard-Core-transcriptome	13	14
1877	73829	Soft-Core-transcriptome	13	14
247608	2371102	Acc-transcriptome	13	14
114776	394362	Exc-transcriptome	13	14
356360	2532057	Pan-transcriptome	13	15
311	12973	Hard-Core-transcriptome	13	15
2066	79317	Soft-Core-transcriptome	13	15
221475	2063521	Acc-transcriptome	13	15
132819	389219	Exc-transcriptome	13	15
368469	2829546	Pan-transcriptome	13	16
275	12292	Hard-Core-transcriptome	13	16
1759	67487	Soft-Core-transcriptome	13	16
255324	2378696	Acc-transcriptome	13	16
111386	383363	Exc-transcriptome	13	16
345275	2316740	Pan-transcriptome	13	17
293	11544	Hard-Core-transcriptome	13	17
1948	69476	Soft-Core-transcriptome	13	17
208716	1868992	Acc-transcriptome	13	17
134611	378272	Exc-transcriptome	13	17
331212	2303013	Pan-transcriptome	14	0
464	21640	Hard-Core-transcriptome	14	0
10489	505590	Soft-Core-transcriptome	14	0
153827	1306048	Acc-transcriptome	14	0
166896	491375	Exc-transcriptome	14	0
367923	2961982	Pan-transcriptome	14	1
299	13762	Hard-Core-transcriptome	14	1
1988	79795	Soft-Core-transcriptome	14	1
261183	2518994	Acc-transcriptome	14	1
104752	363193	Exc-transcriptome	14	1
368798	2985203	Pan-transcriptome	14	2
265	12445	Hard-Core-transcriptome	14	2
1787	73961	Soft-Core-transcriptome	14	2
265053	2547832	Acc-transcriptome	14	2
101958	363410	Exc-transcriptome	14	2
358788	2790224	Pan-transcriptome	14	3
557	26761	Hard-Core-transcriptome	14	3
11620	572256	Soft-Core-transcriptome	14	3
222293	1835620	Acc-transcriptome	14	3
124875	382348	Exc-transcriptome	14	3
311596	2190361	Pan-transcriptome	14	4
1316	57727	Hard-Core-transcriptome	14	4
10674	514705	Soft-Core-transcriptome	14	4
161989	1327095	Acc-transcriptome	14	4
138933	348561	Exc-transcriptome	14	4
333969	2283896	Pan-transcriptome	14	5
434	19740	Hard-Core-transcriptome	14	5
10177	478990	Soft-Core-transcriptome	14	5
162924	1327334	Acc-transcriptome	14	5
160868	477572	Exc-transcriptome	14	5
365993	2969551	Pan-transcriptome	14	6
269	12828	Hard-Core-transcriptome	14	6
1806	75836	Soft-Core-transcriptome	14	6
261606	2528004	Acc-transcriptome	14	6
102581	365711	Exc-transcriptome	14	6
330588	2396212	Pan-transcriptome	14	7
9987	531396	Hard-Core-transcriptome	14	7
14182	700953	Soft-Core-transcriptome	14	7
158204	1270122	Acc-transcriptome	14	7
158202	425137	Exc-transcriptome	14	7
355214	2657536	Pan-transcriptome	14	8
1436	64377	Hard-Core-transcriptome	14	8
11193	539633	Soft-Core-transcriptome	14	8
222414	1777891	Acc-transcriptome	14	8
121607	340012	Exc-transcriptome	14	8
362209	2803588	Pan-transcriptome	14	9
474	23852	Hard-Core-transcriptome	14	9
10517	533181	Soft-Core-transcriptome	14	9
224823	1869418	Acc-transcriptome	14	9
126869	400989	Exc-transcriptome	14	9
363618	2923289	Pan-transcriptome	14	10
271	12523	Hard-Core-transcriptome	14	10
1849	74528	Soft-Core-transcriptome	14	10
257536	2488370	Acc-transcriptome	14	10
104233	360391	Exc-transcriptome	14	10
374280	3060661	Pan-transcriptome	14	11
298	14576	Hard-Core-transcriptome	14	11
1876	80651	Soft-Core-transcriptome	14	11
263524	2597060	Acc-transcriptome	14	11
108880	382950	Exc-transcriptome	14	11
372713	2984631	Pan-transcriptome	14	12
258	12312	Hard-Core-transcriptome	14	12
1763	74963	Soft-Core-transcriptome	14	12
259291	2520231	Acc-transcriptome	14	12
111659	389437	Exc-transcriptome	14	12
356344	2577628	Pan-transcriptome	14	13
262	11927	Hard-Core-transcriptome	14	13
1738	71895	Soft-Core-transcriptome	14	13
220599	2106083	Acc-transcriptome	14	13
134007	399650	Exc-transcriptome	14	13
372958	3007828	Pan-transcriptome	14	14
274	12754	Hard-Core-transcriptome	14	14
1862	76772	Soft-Core-transcriptome	14	14
260306	2548758	Acc-transcriptome	14	14
110790	382298	Exc-transcriptome	14	14
370964	2993222	Pan-transcriptome	14	15
276	13092	Hard-Core-transcriptome	14	15
1852	77393	Soft-Core-transcriptome	14	15
257278	2533408	Acc-transcriptome	14	15
111834	382421	Exc-transcriptome	14	15
371107	2949986	Pan-transcriptome	14	16
258	11635	Hard-Core-transcriptome	14	16
1776	71673	Soft-Core-transcriptome	14	16
262185	2504378	Acc-transcriptome	14	16
107146	373935	Exc-transcriptome	14	16
363618	2923289	Pan-transcriptome	14	17
271	12523	Hard-Core-transcriptome	14	17
1849	74528	Soft-Core-transcriptome	14	17
257536	2488370	Acc-transcriptome	14	17
104233	360391	Exc-transcriptome	14	17
359553	2746142	Pan-transcriptome	15	0
270	13069	Hard-Core-transcriptome	15	0
1888	85521	Soft-Core-transcriptome	15	0
228917	2275927	Acc-transcriptome	15	0
128748	384694	Exc-transcriptome	15	0
352264	2719712	Pan-transcriptome	15	1
1376	66568	Hard-Core-transcriptome	15	1
10882	574073	Soft-Core-transcriptome	15	1
217324	1797161	Acc-transcriptome	15	1
124058	348478	Exc-transcriptome	15	1
355501	2765008	Pan-transcriptome	15	2
1401	68250	Hard-Core-transcriptome	15	2
11138	588529	Soft-Core-transcriptome	15	2
221160	1832163	Acc-transcriptome	15	2
123203	344316	Exc-transcriptome	15	2
358586	2795576	Pan-transcriptome	15	3
1306	63102	Hard-Core-transcriptome	15	3
10536	559326	Soft-Core-transcriptome	15	3
227693	1888726	Acc-transcriptome	15	3
120357	347524	Exc-transcriptome	15	3
368122	3068331	Pan-transcriptome	15	4
271	13254	Hard-Core-transcriptome	15	4
1841	81926	Soft-Core-transcriptome	15	4
267511	2634867	Acc-transcriptome	15	4
98770	351538	Exc-transcriptome	15	4
362128	2753700	Pan-transcriptome	15	5
252	12383	Hard-Core-transcriptome	15	5
1718	76886	Soft-Core-transcriptome	15	5
234533	2289068	Acc-transcriptome	15	5
125877	387746	Exc-transcriptome	15	5
373119	3104860	Pan-transcriptome	15	6
268	13252	Hard-Core-transcriptome	15	6
1831	80241	Soft-Core-transcriptome	15	6
271205	2663170	Acc-transcriptome	15	6
100083	361449	Exc-transcriptome	15	6
376914	3149579	Pan-transcriptome	15	7
267	13715	Hard-Core-transcriptome	15	7
1752	81149	Soft-Core-transcriptome	15	7
266572	2684006	Acc-transcriptome	15	7
108590	384424	Exc-transcriptome	15	7
374489	3174723	Pan-transcriptome	15	8
274	14206	Hard-Core-transcriptome	15	8
1846	86097	Soft-Core-transcriptome	15	8
261424	2696394	Acc-transcriptome	15	8
111219	392232	Exc-transcriptome	15	8
374541	3172240	Pan-transcriptome	15	9
253	13289	Hard-Core-transcriptome	15	9
1743	82625	Soft-Core-transcriptome	15	9
264693	2701080	Acc-transcriptome	15	9
108105	388535	Exc-transcriptome	15	9
374092	3197431	Pan-transcriptome	15	10
273	14483	Hard-Core-transcriptome	15	10
1745	81860	Soft-Core-transcriptome	15	10
272432	2747116	Acc-transcriptome	15	10
99915	368455	Exc-transcriptome	15	10
374132	3085179	Pan-transcriptome	15	11
262	13040	Hard-Core-transcriptome	15	11
1794	79565	Soft-Core-transcriptome	15	11
270274	2640560	Acc-transcriptome	15	11
102064	365054	Exc-transcriptome	15	11
365255	2951288	Pan-transcriptome	15	12
490	25696	Hard-Core-transcriptome	15	12
10865	581301	Soft-Core-transcriptome	15	12
233447	1987584	Acc-transcriptome	15	12
120943	382403	Exc-transcriptome	15	12
363775	2878082	Pan-transcriptome	15	13
469	24195	Hard-Core-transcriptome	15	13
10450	541671	Soft-Core-transcriptome	15	13
233435	1958096	Acc-transcriptome	15	13
119890	378315	Exc-transcriptome	15	13
332665	2473283	Pan-transcriptome	15	14
437	22163	Hard-Core-transcriptome	15	14
10206	538576	Soft-Core-transcriptome	15	14
168630	1469669	Acc-transcriptome	15	14
153829	465038	Exc-transcriptome	15	14
371685	3080392	Pan-transcriptome	15	15
245	12426	Hard-Core-transcriptome	15	15
1691	76629	Soft-Core-transcriptome	15	15
265170	2626233	Acc-transcriptome	15	15
104824	377530	Exc-transcriptome	15	15
362187	2735564	Pan-transcriptome	15	16
240	11654	Hard-Core-transcriptome	15	16
1676	74745	Soft-Core-transcriptome	15	16
234134	2272602	Acc-transcriptome	15	16
126377	388217	Exc-transcriptome	15	16
368634	3066167	Pan-transcriptome	15	17
251	12314	Hard-Core-transcriptome	15	17
1715	75690	Soft-Core-transcriptome	15	17
267819	2632890	Acc-transcriptome	15	17
99100	357587	Exc-transcriptome	15	17
373638	3340093	Pan-transcriptome	16	0
261	14037	Hard-Core-transcriptome	16	0
1764	89141	Soft-Core-transcriptome	16	0
277316	2889796	Acc-transcriptome	16	0
94558	361156	Exc-transcriptome	16	0
373182	3217461	Pan-transcriptome	16	1
241	12691	Hard-Core-transcriptome	16	1
1661	80189	Soft-Core-transcriptome	16	1
275710	2780251	Acc-transcriptome	16	1
95811	357021	Exc-transcriptome	16	1
362788	2822066	Pan-transcriptome	16	2
231	11862	Hard-Core-transcriptome	16	2
1628	77796	Soft-Core-transcriptome	16	2
236394	2358623	Acc-transcriptome	16	2
124766	385647	Exc-transcriptome	16	2
378207	3297226	Pan-transcriptome	16	3
251	13927	Hard-Core-transcriptome	16	3
1724	84929	Soft-Core-transcriptome	16	3
273789	2836021	Acc-transcriptome	16	3
102694	376276	Exc-transcriptome	16	3
373638	3340093	Pan-transcriptome	16	4
261	14037	Hard-Core-transcriptome	16	4
1764	89141	Soft-Core-transcriptome	16	4
277316	2889796	Acc-transcriptome	16	4
94558	361156	Exc-transcriptome	16	4
374954	3207567	Pan-transcriptome	16	5
240	12840	Hard-Core-transcriptome	16	5
1664	80518	Soft-Core-transcriptome	16	5
271858	2752130	Acc-transcriptome	16	5
101432	374919	Exc-transcriptome	16	5
380972	3356891	Pan-transcriptome	16	6
262	14657	Hard-Core-transcriptome	16	6
1767	88458	Soft-Core-transcriptome	16	6
278850	2891369	Acc-transcriptome	16	6
100355	377064	Exc-transcriptome	16	6
358289	2814516	Pan-transcriptome	16	7
1249	62346	Hard-Core-transcriptome	16	7
10082	557214	Soft-Core-transcriptome	16	7
230244	1918121	Acc-transcriptome	16	7
117963	339181	Exc-transcriptome	16	7
366410	2990384	Pan-transcriptome	16	8
426	23472	Hard-Core-transcriptome	16	8
9877	548326	Soft-Core-transcriptome	16	8
242543	2068319	Acc-transcriptome	16	8
113990	373739	Exc-transcriptome	16	8
374583	3217429	Pan-transcriptome	16	9
262	13811	Hard-Core-transcriptome	16	9
1793	85289	Soft-Core-transcriptome	16	9
274874	2772958	Acc-transcriptome	16	9
97916	359182	Exc-transcriptome	16	9
376115	3329263	Pan-transcriptome	16	10
255	14126	Hard-Core-transcriptome	16	10
1720	85727	Soft-Core-transcriptome	16	10
280492	2883230	Acc-transcriptome	16	10
93903	360306	Exc-transcriptome	16	10
361170	2908182	Pan-transcriptome	16	11
1255	64354	Hard-Core-transcriptome	16	11
10132	573711	Soft-Core-transcriptome	16	11
234583	1991575	Acc-transcriptome	16	11
116455	342896	Exc-transcriptome	16	11
381924	3346111	Pan-transcriptome	16	12
255	14244	Hard-Core-transcriptome	16	12
1693	84187	Soft-Core-transcriptome	16	12
283162	2888454	Acc-transcriptome	16	12
97069	373470	Exc-transcriptome	16	12
377602	3226786	Pan-transcriptome	16	13
232	12387	Hard-Core-transcriptome	16	13
1628	78891	Soft-Core-transcriptome	16	13
275525	2776884	Acc-transcriptome	16	13
100449	371011	Exc-transcriptome	16	13
378893	3305580	Pan-transcriptome	16	14
257	13838	Hard-Core-transcriptome	16	14
1776	86589	Soft-Core-transcriptome	16	14
278875	2851835	Acc-transcriptome	16	14
98242	367156	Exc-transcriptome	16	14
379521	3327665	Pan-transcriptome	16	15
246	13438	Hard-Core-transcriptome	16	15
1718	85459	Soft-Core-transcriptome	16	15
275604	2863029	Acc-transcriptome	16	15
102199	379177	Exc-transcriptome	16	15
378076	3315529	Pan-transcriptome	16	16
270	14828	Hard-Core-transcriptome	16	16
1791	88577	Soft-Core-transcriptome	16	16
272460	2848304	Acc-transcriptome	16	16
103825	378648	Exc-transcriptome	16	16
378076	3315529	Pan-transcriptome	16	17
270	14828	Hard-Core-transcriptome	16	17
1791	88577	Soft-Core-transcriptome	16	17
272460	2848304	Acc-transcriptome	16	17
103825	378648	Exc-transcriptome	16	17
379201	3366559	Pan-transcriptome	17	0
235	13265	Hard-Core-transcriptome	17	0
1631	83798	Soft-Core-transcriptome	17	0
282709	2918386	Acc-transcriptome	17	0
94861	364375	Exc-transcriptome	17	0
380049	3408287	Pan-transcriptome	17	1
232	13484	Hard-Core-transcriptome	17	1
1625	86712	Soft-Core-transcriptome	17	1
279270	2941925	Acc-transcriptome	17	1
99154	379650	Exc-transcriptome	17	1
371282	3191104	Pan-transcriptome	17	2
416	24967	Hard-Core-transcriptome	17	2
9733	595849	Soft-Core-transcriptome	17	2
249959	2216968	Acc-transcriptome	17	2
111590	378287	Exc-transcriptome	17	2
383031	3465763	Pan-transcriptome	17	3
243	14307	Hard-Core-transcriptome	17	3
1662	88256	Soft-Core-transcriptome	17	3
286749	3006358	Acc-transcriptome	17	3
94620	371149	Exc-transcriptome	17	3
380049	3408287	Pan-transcriptome	17	4
232	13484	Hard-Core-transcriptome	17	4
1625	86712	Soft-Core-transcriptome	17	4
279270	2941925	Acc-transcriptome	17	4
99154	379650	Exc-transcriptome	17	4
381304	3403387	Pan-transcriptome	17	5
230	13122	Hard-Core-transcriptome	17	5
1610	84420	Soft-Core-transcriptome	17	5
281994	2945441	Acc-transcriptome	17	5
97700	373526	Exc-transcriptome	17	5
381886	3436537	Pan-transcriptome	17	6
231	13241	Hard-Core-transcriptome	17	6
1622	85489	Soft-Core-transcriptome	17	6
283451	2977478	Acc-transcriptome	17	6
96813	373570	Exc-transcriptome	17	6
381886	3436537	Pan-transcriptome	17	7
231	13241	Hard-Core-transcriptome	17	7
1622	85489	Soft-Core-transcriptome	17	7
283451	2977478	Acc-transcriptome	17	7
96813	373570	Exc-transcriptome	17	7
381000	3424401	Pan-transcriptome	17	8
246	14357	Hard-Core-transcriptome	17	8
1701	88946	Soft-Core-transcriptome	17	8
280290	2961992	Acc-transcriptome	17	8
99009	373463	Exc-transcriptome	17	8
381886	3436537	Pan-transcriptome	17	9
231	13241	Hard-Core-transcriptome	17	9
1622	85489	Soft-Core-transcriptome	17	9
283451	2977478	Acc-transcriptome	17	9
96813	373570	Exc-transcriptome	17	9
379201	3366559	Pan-transcriptome	17	10
235	13265	Hard-Core-transcriptome	17	10
1631	83798	Soft-Core-transcriptome	17	10
282709	2918386	Acc-transcriptome	17	10
94861	364375	Exc-transcriptome	17	10
380257	3353961	Pan-transcriptome	17	11
228	12839	Hard-Core-transcriptome	17	11
1605	82755	Soft-Core-transcriptome	17	11
282108	2903298	Acc-transcriptome	17	11
96544	367908	Exc-transcriptome	17	11
381633	3440104	Pan-transcriptome	17	12
231	13423	Hard-Core-transcriptome	17	12
1615	86083	Soft-Core-transcriptome	17	12
283593	2981841	Acc-transcriptome	17	12
96425	372180	Exc-transcriptome	17	12
381633	3440104	Pan-transcriptome	17	13
231	13423	Hard-Core-transcriptome	17	13
1615	86083	Soft-Core-transcriptome	17	13
283593	2981841	Acc-transcriptome	17	13
96425	372180	Exc-transcriptome	17	13
379973	3418149	Pan-transcriptome	17	14
252	14423	Hard-Core-transcriptome	17	14
1747	91624	Soft-Core-transcriptome	17	14
282359	2961950	Acc-transcriptome	17	14
95867	364575	Exc-transcriptome	17	14
382064	3458407	Pan-transcriptome	17	15
242	14110	Hard-Core-transcriptome	17	15
1675	89447	Soft-Core-transcriptome	17	15
282182	2994110	Acc-transcriptome	17	15
98207	374850	Exc-transcriptome	17	15
381633	3440104	Pan-transcriptome	17	16
231	13423	Hard-Core-transcriptome	17	16
1615	86083	Soft-Core-transcriptome	17	16
283593	2981841	Acc-transcriptome	17	16
96425	372180	Exc-transcriptome	17	16
381304	3403387	Pan-transcriptome	17	17
230	13122	Hard-Core-transcriptome	17	17
1610	84420	Soft-Core-transcriptome	17	17
281994	2945441	Acc-transcriptome	17	17
97700	373526	Exc-transcriptome	17	17
